,sentence,subject_entity,object_entity
167,"이어 “6월 항쟁의 미완성을 통해 민주주의 후퇴를 겪었다. 국민들이 촛불혁명으로 탄생시킨 문재인 정부는 반드시 성공시켜야 한다”며 “정치혁신을 통해 대한민국의 변화를 꿈꿨던 국민들의 바램, 광주의 꿈을 반드시 이룰 것이다”고 밝혔다.","{'word': '문재인', 'start_idx': 50, 'end_idx': 52, 'type': 'PER'}","{'word': '대한민국', 'start_idx': 83, 'end_idx': 86, 'type': 'LOC'}"
230,다만 역법의 시작을 이슬람력과 동일하게 무함마드 및 그의 추종자들이 메카에서 메디나로 피난을 간 양력 622년을 1년으로 계산하였다.,"{'word': '무함마드', 'start_idx': 22, 'end_idx': 25, 'type': 'PER'}","{'word': '메디나', 'start_idx': 43, 'end_idx': 45, 'type': 'LOC'}"
233,"유한굉(劉漢宏, Liu Hanhong, ~ 887년)은 중국 당나라 말기에 활약했던 군벌로, 당초에는 당나라에 반기를 들었으나, 후에 당나라의 관직을 받고 의승군 절도사(義勝軍節度使, 본거지는 지금의 저장 성 사오싱 시)로서 절강 동부 일대를 지배하였다.","{'word': '유한굉', 'start_idx': 0, 'end_idx': 2, 'type': 'PER'}","{'word': '중국 당나라', 'start_idx': 31, 'end_idx': 36, 'type': 'LOC'}"
315,"전쟁은 일본이 개항하면서 에도 막부(도쿠가와 막부)의 이이 나오스케(히코네 번)가 고메이 천황의 칙허도 없이 5개의 국가(미국, 네덜란드, 러시아, 영국, 프랑스)과의 안세이 5개국 조약을 체결하였다는 불평등 조약으로 인한 반막부 세력의 불만에서 기원되었다.","{'word': '이이 나오스케', 'start_idx': 30, 'end_idx': 36, 'type': 'PER'}","{'word': '히코네 번', 'start_idx': 38, 'end_idx': 42, 'type': 'ORG'}"
503,김성주(1990년 11월 15일 ~)은 대한민국의 축구 선수이며 현재 K리그1 인천 유나이티드에서 활약하고 있다.,"{'word': '김성주', 'start_idx': 0, 'end_idx': 2, 'type': 'PER'}","{'word': '대한민국', 'start_idx': 22, 'end_idx': 25, 'type': 'LOC'}"
648,"이탈리아는 반파시스트주의자인 피에트로 바돌리오 내각이 종전 직전인 1945년 7월 14일에 대일 선전포고를 하였지만, 초대받지 못했다.","{'word': '피에트로 바돌리오', 'start_idx': 16, 'end_idx': 24, 'type': 'PER'}","{'word': '이탈리아', 'start_idx': 0, 'end_idx': 3, 'type': 'ORG'}"
766,"사우디아라비아 검찰청은 2019년 3월 1일에 ""사우디아라비아의 국가 안보를 파괴한 혐의""로 기소된 루자인 알하틀룰을 비롯한 여러 여성 인권 운동가들에 대한 사전 조사가 완료되었으며 이들을 법정에서 재판할 준비를 하고 있다고 밝혔다.","{'word': '루자인 알하틀룰', 'start_idx': 56, 'end_idx': 63, 'type': 'PER'}","{'word': '사우디아라비아', 'start_idx': 27, 'end_idx': 33, 'type': 'LOC'}"
1066,"한명진 예비후보는 ""전남의 아들로 태어나 오랜 세월 대한민국 예산전문가로 기획재정부 노무현 대통령 청와대 행정관 방위사업청 차장으로 국가에 헌신해온 한명진이 지역발전을 위한 새로운 길에 나섰다""며 ""전남의 미래와 지역의 비전을 상의하고 우리의 미래와 비전들을 지역민과 함께 신명나게 풀고 싶다""며 야심찬 포부를 밝혔다.","{'word': '노무현', 'start_idx': 47, 'end_idx': 49, 'type': 'PER'}","{'word': '대한민국', 'start_idx': 29, 'end_idx': 32, 'type': 'LOC'}"
1081,"에스파뇰에서의 프로 데뷔 이후, 루이스 미야 감독으로부터 스페인 U-21 국가대표팀에 차출되었다.","{'word': '루이스 미야', 'start_idx': 18, 'end_idx': 23, 'type': 'PER'}","{'word': '스페인', 'start_idx': 32, 'end_idx': 34, 'type': 'LOC'}"
1198,김동진은 대한민국의 법조인이다.,"{'word': '김동진', 'start_idx': 0, 'end_idx': 2, 'type': 'PER'}","{'word': '대한민국', 'start_idx': 5, 'end_idx': 8, 'type': 'LOC'}"
1265,"당시 베네치아에는 티치아노, 조르조네, 팔마 일 베키오가 활동을 하고 있었다.","{'word': '티치아노', 'start_idx': 10, 'end_idx': 13, 'type': 'PER'}","{'word': '베네치아', 'start_idx': 3, 'end_idx': 6, 'type': 'LOC'}"
1662,"이날 토론회에는 경상북도의회 장경식 의장과 이철우 경북도지사, 임종식 경북교육감을 비롯 배지숙 대구광역시의회 의장, 박인영 부산광역시의회 의장, 황세영 울산광역시의회 의장, 김지수 경상남도의회 의장 등 영남권 시·도의회 의장과 의원, 국회 박명재 의원(포항), 최교일 의원(영주문경예천), 백승주 의원(구미), 김석기 의원(경주), 박재호 의원(부산 남구) 등을 비롯해 지방자치법 개정을 직접 다루는 행정안전위원회 이채익 의원(울산 남구), 박완수 의원(창원) 등 지역 국회의원 그리고 행정안전부, 학계 전문가, 관계 공무원 등 300여명이 참석, 지방자치법 개정이 얼마나 중요한가를 보여줬다.","{'word': '이채익', 'start_idx': 232, 'end_idx': 234, 'type': 'PER'}","{'word': '울산 남구', 'start_idx': 239, 'end_idx': 243, 'type': 'LOC'}"
1969,"김길식(金吉植, 1978년 8월 24일 ~)은 대한민국의 은퇴한 축구 선수이자 현 축구 감독으로 선수 시절 포지션은 미드필더이였으며 현재 안산 그리너스 FC의 감독을 맡고 있다.","{'word': '김길식', 'start_idx': 0, 'end_idx': 2, 'type': 'PER'}","{'word': '대한민국', 'start_idx': 26, 'end_idx': 29, 'type': 'LOC'}"
2494,1994년 실시된 평등 선거에서 ANC는 62%를 득표하여 ANC의 지도자인 넬슨 만델라는 1994년 5월 27일 남아프리카 공화국 최초의 흑인 대통령으로 취임하였고 진실과 화해위원회(TRC)를 결성하여 용서와 화해를 강조하는 과거사 청산을 실시했다.,"{'word': '넬슨 만델라', 'start_idx': 43, 'end_idx': 48, 'type': 'PER'}","{'word': '남아프리카 공화국', 'start_idx': 64, 'end_idx': 72, 'type': 'LOC'}"
2590,안네 매키넨은 2006년 3월 9일에 열린 독일과의 알가르브컵 경기에서 A매치 100경기 출전 기록을 수립했으며 핀란드에서 개최된 UEFA 여자 유로 2009에서 핀란드의 8강전 진출에 기여했다.,"{'word': '안네 매키넨', 'start_idx': 0, 'end_idx': 5, 'type': 'PER'}","{'word': '핀란드', 'start_idx': 63, 'end_idx': 65, 'type': 'LOC'}"
2895,"1920년대 초반, 코펜하겐 덴마크에서 살고 있는 일러스트레이터 겸 예술가 '게르다 베게너'(알리시아 비칸데르)는 그녀의 남편, '에이나르 베게너'(에디 레드메인)에게 여장을 하고 자신의 초상화에 여성 모델로 서달라는 요청한다.","{'word': '게르다 베게너', 'start_idx': 43, 'end_idx': 49, 'type': 'PER'}","{'word': '덴마크', 'start_idx': 16, 'end_idx': 18, 'type': 'LOC'}"
3272,"슈케르는 대회 득점왕으로 골든 슈의 주인이 되었고, 브라질의 호나우두에 이어 최우수 선수 2위에 올라 실버 볼도 가져갔다.","{'word': '호나우두', 'start_idx': 34, 'end_idx': 37, 'type': 'PER'}","{'word': '브라질', 'start_idx': 29, 'end_idx': 31, 'type': 'LOC'}"
3441,《포켓몬스터DP 디아루가·펄기아》에서는 들판시티의 체육관장 맥실러와 갤럭시단의 보스 태홍이 사용한다.,"{'word': '맥실러', 'start_idx': 33, 'end_idx': 35, 'type': 'PER'}","{'word': '들판시티', 'start_idx': 22, 'end_idx': 25, 'type': 'LOC'}"
3612,강동훈(음력 1982년 3월 26일~)은 대한민국의 리그 오브 레전드 프로게임단 감독이며 2010년부터 2019년까지 DRX의 감독직을 수행했고 현재 KT 롤스터의 감독을 맡고 있다.,"{'word': '강동훈', 'start_idx': 0, 'end_idx': 2, 'type': 'PER'}","{'word': '대한민국', 'start_idx': 23, 'end_idx': 26, 'type': 'LOC'}"
3655,러시아 대통령 블라디미르 푸틴은 6월 초에 비상사태를 선포했다.,"{'word': '블라디미르 푸틴', 'start_idx': 8, 'end_idx': 15, 'type': 'PER'}","{'word': '러시아', 'start_idx': 0, 'end_idx': 2, 'type': 'LOC'}"
3707,"다시 포로로 잡힌 그는 밀라노 공작 필리포 마리아 비스콘티의 손님으로서 감금되었고, 나중에 그는 피해없이 풀려났다.","{'word': '필리포 마리아 비스콘티', 'start_idx': 20, 'end_idx': 31, 'type': 'PER'}","{'word': '밀라노', 'start_idx': 13, 'end_idx': 15, 'type': 'LOC'}"
3927,"제한적 본인 확인제는 2006년 7월에 정보통신망 이용촉진 및 정보보호 등에 관한 법률에 포함되면서 제정되었고 노무현 정부 막바지인 2007년 7월부터 하루 평균 30만 명 이상의 네티즌이 이용하고 게시판 기능이 있는 인터넷 사이트는 이 제도의 적용을 받게 되었는데, 대한민국의 대표적인 포털 사이트인 네이버, 다음 등에서는 이 제도가 2007년 6월 28일부터 조기에 적용되었었다.","{'word': '노무현', 'start_idx': 62, 'end_idx': 64, 'type': 'PER'}","{'word': '대한민국', 'start_idx': 150, 'end_idx': 153, 'type': 'LOC'}"
4059,"병력이 적었던 셀주크 제국의 알프 아르슬란은 휴전을 바랐으나, 로마누스는 이를 거부하고, 만지케르트에서 셀주크 제국군과 전투를 벌였다.","{'word': '알프 아르슬란', 'start_idx': 16, 'end_idx': 22, 'type': 'PER'}","{'word': '셀주크 제국', 'start_idx': 8, 'end_idx': 13, 'type': 'LOC'}"
4073,엔리코 단돌로(1107년 – 1205년)는 1193년부터 베네치아 공화국의 도제였고 제4차 십자군의 비잔티움 제국의 침략에 결정적인 역할을 한 인물이다.,"{'word': '엔리코 단돌로', 'start_idx': 0, 'end_idx': 6, 'type': 'PER'}","{'word': '베네치아 공화국', 'start_idx': 32, 'end_idx': 39, 'type': 'LOC'}"
4078,노무현은 광주 노씨 광주군파 31대 손으로 광주 노씨는 광주광역시 일곡동에 집성촌을 이루고 있는 가문이다.,"{'word': '광주 노씨', 'start_idx': 5, 'end_idx': 9, 'type': 'PER'}","{'word': '광주광역시', 'start_idx': 31, 'end_idx': 35, 'type': 'LOC'}"
4260,"종로구 국회의원인 새정치민주연합의 정세균 상임고문은 ""저를 비롯해 종로 주민들의 극심한 반대에도 불구하고 정부가 법까지 바꿔가면서 대한항공이 경복궁 앞에 호텔을 건립할 수 있도록 길을 터줬는데, ‘땅콩리턴’ 때문에 무산될 위기에 처했다""고 말했다.","{'word': '정세균', 'start_idx': 19, 'end_idx': 21, 'type': 'PER'}","{'word': '종로구', 'start_idx': 0, 'end_idx': 2, 'type': 'LOC'}"
4569,9월 5일에 서명한 협정의 세부 사항은 6월 20일 우크라이나의 대통령 페트로 포로셴코가 제안했던 15개 평화 계획과 닮은 점이 많았다.,"{'word': '페트로 포로셴코', 'start_idx': 40, 'end_idx': 47, 'type': 'PER'}","{'word': '우크라이나', 'start_idx': 29, 'end_idx': 33, 'type': 'LOC'}"
4650,자코모 불가렐리(1940년 10월 24일 ~ 2009년 2월 12일)는 이탈리아의 축구 선수이다.,"{'word': '자코모 불가렐리', 'start_idx': 0, 'end_idx': 7, 'type': 'PER'}","{'word': '이탈리아', 'start_idx': 40, 'end_idx': 43, 'type': 'LOC'}"
4916,"한편, 울산 울주군에서는 서범수 전 울산경찰청장이 본선행 티켓을 거머쥐면서 부산진갑에 공천된 서병수 전 부산시장과 함께 PK 사상 첫 ‘형제 공천’이라는 기록을 세웠다.","{'word': '서범수', 'start_idx': 14, 'end_idx': 16, 'type': 'PER'}","{'word': '울산 울주군', 'start_idx': 4, 'end_idx': 9, 'type': 'LOC'}"
5074,"경기도 의정부시 갑의 오영환, 의왕시·과천시의 이소영, 서울 동대문구 을의 장경태, 경기도 안산시 단원구 을의 김남국, 대전 동구의 장철민 등이 모두 지역구에서 당선된 30대 신인 정치인이었다.","{'word': '장경태', 'start_idx': 42, 'end_idx': 44, 'type': 'PER'}","{'word': '서울 동대문구 을', 'start_idx': 31, 'end_idx': 39, 'type': 'LOC'}"
5182,"666년 12월, 고구려가 형제간 내부 권력투쟁이 발생하는 동안 연개소문의 동생이자,연남생,연남건 형제의 숙부인 고구려의 대신 연정토가 고구려 남쪽의 12성, 7백 63호, 3543명을 데리고 신라에 투항 해 버렸다.","{'word': '연남건', 'start_idx': 51, 'end_idx': 53, 'type': 'PER'}","{'word': '고구려', 'start_idx': 76, 'end_idx': 78, 'type': 'DAT'}"
5477,"조국파문 부산시민연대에 참여중인 유재중(자유한국당, 부산 수영구 국회의원) 자유한국당 부산시당 위원장은 “연석회의는 이념과 정파를 떠나서 상식적이고 양심적인 부산시민을 대표하여, 특권의 상징 조국장관 파면이 이루어질 때까지 그 중심에서 활동할 것” 이라고 말했다.","{'word': '유재중', 'start_idx': 18, 'end_idx': 20, 'type': 'PER'}","{'word': '부산 수영구', 'start_idx': 29, 'end_idx': 34, 'type': 'LOC'}"
5644,"이날 회의에는 정부에서 유은혜 사회부총리 겸 교육부 장관, 진영 행정안전부 장관, 박능후 보건복지부 장관 등이 , 대구에서는 권영진 대구광역시장, 배지숙 대구시의회 의장, 강은희 대구시교육감, 민복기 대구시의사회 코로나19 대책본부장, 송민헌 대구지방경찰청장, 여환섭 대구지방검찰청 검사장, 이지만 대구소방본부장, 황인권 육군 제2작전사령부 사령관 등이 참석했다.","{'word': '강은희', 'start_idx': 96, 'end_idx': 98, 'type': 'PER'}","{'word': '대구광역시', 'start_idx': 74, 'end_idx': 78, 'type': 'LOC'}"
5743,사마란치가 스페인에서 프랑코 정권에 협력했다는 것도 비판의 이유가 되었다.,"{'word': '사마란치', 'start_idx': 0, 'end_idx': 3, 'type': 'PER'}","{'word': '스페인', 'start_idx': 6, 'end_idx': 8, 'type': 'LOC'}"
5766,"해방 이후 친나치 세력을 척결하려는 벨기에의 사회 분위기 속에서, 에르제가 독일군에 의해 관리되었던 신문에 그림을 게재하고 나치스에게 저항을 하지 않고 소극적인 태도를 보였다는 이유 때문에 벨기에 사람들은 그를 냉대했다.","{'word': '에르제', 'start_idx': 37, 'end_idx': 39, 'type': 'PER'}","{'word': '벨기에', 'start_idx': 20, 'end_idx': 22, 'type': 'LOC'}"
5901,"그는 1441년 1월 20일, 조선 한성부에서 세종대왕의 넷째 아들인 임영대군의 둘째 아들로 태어났으며, 1466년에는 등준시무과에 갑과 급제함에 이어 도총관이 되어서 이듬해 1467년 남이와 함께 이시애의 난을 진압하는 총사령관에 임명되고 난을 진압한 공로로 27세의 나이로 병조판서에 제수되었으며, 그 해 남이에게 그 직을 넘기고 1468년 음력 7월 17일에 28세의 나이로 영의정에 임명되었다.","{'word': '임영대군', 'start_idx': 39, 'end_idx': 42, 'type': 'PER'}","{'word': '조선 한성부', 'start_idx': 17, 'end_idx': 22, 'type': 'LOC'}"
5927,"사우디아라비아와 아랍에미리트는 2015년, 사우디아라비아에서 살만 빈 압둘아지즈 알사우드가 국왕으로 즉위하고 무함마드 빈 살만 알사우드가 2017년에 왕세자로 오른 이후 급격히 가까워졌다.","{'word': '살만 빈 압둘아지즈 알사우드', 'start_idx': 34, 'end_idx': 48, 'type': 'PER'}","{'word': '사우디아라비아', 'start_idx': 24, 'end_idx': 30, 'type': 'LOC'}"
5984,스위스 베른에서 특허국 직원으로 일하던 알베르트 아인슈타인은 1905년 특수 상대성이론을 제창하였다.,"{'word': '알베르트 아인슈타인', 'start_idx': 22, 'end_idx': 31, 'type': 'PER'}","{'word': '스위스', 'start_idx': 0, 'end_idx': 2, 'type': 'LOC'}"
6070,"광주체육고등학교장 김성남은 ""이번 제100회 전국 체육대회에서 우리학교 선수들이 투혼을 발휘하여 좋은 성적을 거둔 것이 너무도 자랑스럽다. 앞으로도 더욱 노력하여 대한민국을 대표하는 선수가 되길 소망한다. 이번 대회에서 금메달을 따지 못한 선수들도 더욱 노력하여 내년에는 올해보다 더 나은 좋은 성적을 거두길 바란다""며 선수들을 격려했다.","{'word': '김성남', 'start_idx': 10, 'end_idx': 12, 'type': 'PER'}","{'word': '대한민국', 'start_idx': 91, 'end_idx': 94, 'type': 'LOC'}"
6160,"1934년에 카피차는 다시 소비에트 연방으로 건너가 액체 헬륨에 관한 일련의 실험을 진행하였고, 1937년에 액체 헬륨이 초유체임을 발견하였다.","{'word': '카피차', 'start_idx': 7, 'end_idx': 9, 'type': 'PER'}","{'word': '소비에트 연방', 'start_idx': 15, 'end_idx': 21, 'type': 'LOC'}"
6269,"국회 정무위원회 장병완 의원(광주 동구남구갑)은 31일 열린 본회의에서 5.18진상규명특별법 일부개정안이 통과된 것에 환영의 입장을 밝히고, 하루속히 5.18진상조사특위를 구성해야 한다고 촉구했다.","{'word': '장병완', 'start_idx': 9, 'end_idx': 11, 'type': 'PER'}","{'word': '광주 동구', 'start_idx': 16, 'end_idx': 20, 'type': 'LOC'}"
6430,신영대(1968년 1월 15일 ~)는 대한민국의 정치인으로 제21대 국회의원 선거에서 전북 군산시 국회의원으로 당선되었다.,"{'word': '신영대', 'start_idx': 0, 'end_idx': 2, 'type': 'PER'}","{'word': '전북 군산시', 'start_idx': 48, 'end_idx': 53, 'type': 'LOC'}"
6535,"권순형 (權純亨, 1986년 6월 16일 ~)은 대한민국의 축구 선수로 현 K리그1 성남 FC의 소속이다.","{'word': '권순형', 'start_idx': 0, 'end_idx': 2, 'type': 'PER'}","{'word': '대한민국', 'start_idx': 27, 'end_idx': 30, 'type': 'LOC'}"
6723,"그나마 김두한도 국회의원이 되면서 깡패를 그만두게 되어 대한민국의 깡패의 규모는 더욱 축소된 이후, 깡패들은 살아남기 위해 정치 활동도 했는데, 특히 김태촌은 이철승의 사주를 받아, 당시 국회의원이었던 김영삼을 공격하기도 했으며, 이에 김영삼은 창문으로 뛰어내려 도망쳐야만 했다.","{'word': '김영삼', 'start_idx': 113, 'end_idx': 115, 'type': 'PER'}","{'word': '대한민국', 'start_idx': 31, 'end_idx': 34, 'type': 'LOC'}"
7049,조제 마리우 두스 산투스 펠리스 모리뉴(1963년 1월 26일 ~)는 포르투갈의 축구 감독으로 현재 토트넘 홋스퍼의 감독직을 맡고 있다.,"{'word': '조제 마리우 두스 산투스 펠리스 모리뉴', 'start_idx': 0, 'end_idx': 20, 'type': 'PER'}","{'word': '포르투갈', 'start_idx': 39, 'end_idx': 42, 'type': 'LOC'}"
7161,그러나 당 대표인 가이에다 반리가 자신의 지역구인 도쿄도 제1구에서 낙선하고 석패율제에 의한 비례대표 부활에도 실패해 의원직을 잃었다.,"{'word': '가이에다 반리', 'start_idx': 10, 'end_idx': 16, 'type': 'PER'}","{'word': '도쿄도 제1구', 'start_idx': 28, 'end_idx': 34, 'type': 'LOC'}"
7327,또한 캐나다의 추수감사절에 대한 기원은 종종 17세기 초 탐험가 사무엘 드 샹플랭과 함께 뉴프랑스에 온 프랑스 개척민들이 성공적인 수확을 경축한 행사로까지 거슬러 올라가기도 한다.,"{'word': '사무엘 드 샹플랭', 'start_idx': 36, 'end_idx': 44, 'type': 'PER'}","{'word': '프랑스', 'start_idx': 58, 'end_idx': 60, 'type': 'LOC'}"
7463,"체 게바라는 콩고 민주 공화국과 이어서 볼리비아에서 폭동 운동을 시도하였는데 실패하였고, 1967년 볼리비아에서 미국 고문이 지켜보는 가운데 살해되었다.","{'word': '체 게바라', 'start_idx': 0, 'end_idx': 4, 'type': 'PER'}","{'word': '볼리비아', 'start_idx': 22, 'end_idx': 25, 'type': 'LOC'}"
7620,"고지(弘治) 3년(1557년), 오다 노부나가의 장남(노부마사가 실재한다면 차남)으로서 오와리(尾張)에서 태어났다.","{'word': '오다 노부나가', 'start_idx': 18, 'end_idx': 24, 'type': 'PER'}","{'word': '오와리', 'start_idx': 49, 'end_idx': 51, 'type': 'LOC'}"
7784,"이탈리아의 포 강 중류의 만투아(Mantua, 현재 만토바 Mantova) 근교의 안데스(Andes)에서 태어나다 (출생시 집정관 폼페이우스 마그누스, 리키니우스 크라수스). 그의 고향은 당시 로마의 행정구역인 갈리아 키살피나(""Gallia cisalpina"" 갈리아 알프스 이쪽 지역, 즉 이탈리아 북부)로서 그의 부모는 서민 출신으로서, 아버지는 농부이자 도자기굽는 일에 종사하였다고 한다.","{'word': '폼페이우스 마그누스', 'start_idx': 73, 'end_idx': 82, 'type': 'PER'}","{'word': '이탈리아', 'start_idx': 163, 'end_idx': 166, 'type': 'LOC'}"
8103,"25일 오후, 전북 익산 중앙체육공원에서 진행된 제16회 천만송이 국화축제 개막식에 참석한 이춘석(더불어민주당/전북 익산시 갑) 의원이 특별전시장을 찾아 방명록을 작성하고 있다.","{'word': '이춘석', 'start_idx': 51, 'end_idx': 53, 'type': 'PER'}","{'word': '전북 익산시 갑', 'start_idx': 62, 'end_idx': 69, 'type': 'LOC'}"
8242,"손선지는 전라도 전주 대성동(현재 완주군 소양면 신원리)의 교우촌에 살았는데, 그의 집이 그가 세례를 주고 사람들을 가르치는 선교지로 사용되었다.","{'word': '손선지', 'start_idx': 0, 'end_idx': 2, 'type': 'PER'}","{'word': '전라도 전주', 'start_idx': 5, 'end_idx': 10, 'type': 'LOC'}"
8260,2010년 4월 체코 수도 프라하에서 버락 오바마 미국 대통령과 드미트리 메드베데프 러시아 대통령이 뉴 스타트 조약에 서명해 이듬해 2월 발효됐다.,"{'word': '드미트리 메드베데프', 'start_idx': 36, 'end_idx': 45, 'type': 'PER'}","{'word': '러시아', 'start_idx': 47, 'end_idx': 49, 'type': 'LOC'}"
8307,"원나라에서 일 칸국으로 파견되어 라시드 앗 딘의 《집사》의 편찬을 도왔던 볼라드 칭상(Bolad Chingsang)이나, 일 칸국에서 원나라로 파견되어 쿠빌라이 칸 휘하에서 중용되었던 자말 앗 딘(Jamal al-Dìn)ㆍ이사 켈레메치(Isa Kelemechi) 등은 그러한 칸국 간 다양한 교류의 구체적인 사례들에 해당되는 인물들이라고 할 수 있을 것이다.","{'word': '라시드 앗 딘', 'start_idx': 18, 'end_idx': 24, 'type': 'PER'}","{'word': '일 칸국', 'start_idx': 6, 'end_idx': 9, 'type': 'ORG'}"
8356,캐나다 가수 숀 멘데스(Shawn Mendes)가 사과문을 게재했다.,"{'word': '숀 멘데스', 'start_idx': 7, 'end_idx': 11, 'type': 'PER'}","{'word': '캐나다', 'start_idx': 0, 'end_idx': 2, 'type': 'LOC'}"
8414,2014년 2월 보홀의 르네 렐람파고스 하원의원이 제출한 또 다른 법안은 호세 리잘을 유일한 필리핀 국민 영웅으로 선언하는 것이었다.,"{'word': '호세 리잘', 'start_idx': 41, 'end_idx': 45, 'type': 'PER'}","{'word': '필리핀', 'start_idx': 52, 'end_idx': 54, 'type': 'LOC'}"
8506,제이컵 트람블레이(2006년 10월 5일 ~)는 캐나다의 아역 배우이다.,"{'word': '제이컵 트람블레이', 'start_idx': 0, 'end_idx': 8, 'type': 'PER'}","{'word': '캐나다', 'start_idx': 27, 'end_idx': 29, 'type': 'LOC'}"
9141,"사이타마현 카스카베 시를 배경{한국어판에서는(SBS, 투니버스 기준) 서울특별시 금천구 시흥동으로 현재는 서울특별시 (초록구 승격) 떡잎마을(떡잎동""이라는 가명}으로 유치원생 신짱구(일본명 : 노하라 신노스케)(일본명 : 노하라 신노스케), 아빠 신영식(일본명 : 노하라 히로시), 엄마 봉미선(일본명 : 노하라 미사에), 여동생 신짱아(일본명 : 노하라 히마와리 등과 주변 인물들이 펼친다.","{'word': '신영식', 'start_idx': 138, 'end_idx': 140, 'type': 'PER'}","{'word': '서울특별시', 'start_idx': 59, 'end_idx': 63, 'type': 'LOC'}"
9329,오페스(Opeth)는 1989년 스웨덴의 스톡홀름에서 결성된 메탈 밴드이다.,"{'word': '오페스', 'start_idx': 0, 'end_idx': 2, 'type': 'PER'}","{'word': '스웨덴', 'start_idx': 18, 'end_idx': 20, 'type': 'LOC'}"
10178,"디에고 로페스 로드리게스(1981년 11월 3일, 갈리시아 지방 파라델라 ~)는 스페인의 프로 축구 선수로, 스페인의 에스파뇰에서 활약하는 골키퍼이다.","{'word': '디에고 로페스 로드리게스', 'start_idx': 0, 'end_idx': 12, 'type': 'PER'}","{'word': '에스파뇰', 'start_idx': 66, 'end_idx': 69, 'type': 'ORG'}"
10427,오틸리아 옝제이차크(1983년 2월 29일 ~)는 폴란드의 수영 선수로 자유형과 접영을 주로 활약하였다.,"{'word': '오틸리아 옝제이차크', 'start_idx': 0, 'end_idx': 9, 'type': 'PER'}","{'word': '폴란드', 'start_idx': 28, 'end_idx': 30, 'type': 'LOC'}"
10826,신지식ㆍ정보화 부문은 지난해 러시아에서 열린 제45회 국제기능올림픽에 대한민국 대표팀 중 현역 군인으로 유일하게 참가하여 'IT네트워크 시스템‘ 직종에서 금메달을 획득해 공군의 기술력을 세계에 과시한 제17전투비행단 김이섭 하사가 수상했다.,"{'word': '김이섭', 'start_idx': 121, 'end_idx': 123, 'type': 'PER'}","{'word': '대한민국', 'start_idx': 39, 'end_idx': 42, 'type': 'ORG'}"
10891,알폰소 6세는 톨레도 타피아국(Taifa of Toledo)으로 피신했다.,"{'word': '알폰소 6세', 'start_idx': 0, 'end_idx': 5, 'type': 'PER'}","{'word': '톨레도', 'start_idx': 8, 'end_idx': 10, 'type': 'ORG'}"
11207,한편 람베르토가 죽자마자 수일 안에 프리울리의 베렝가리오 1세가 파비아 이남 지역을 점령하였다.,"{'word': '베렝가리오 1세', 'start_idx': 26, 'end_idx': 33, 'type': 'PER'}","{'word': '프리울리', 'start_idx': 20, 'end_idx': 23, 'type': 'LOC'}"
11275,"박주선 국회의원(광주 동구남구을)은 광주지역 국회의원·광주시와 함께 정부에 지속적이고 적극적인 협의를 하여 2020년 광주광역시 동구ㆍ남구(을) 지역성장 예산 2,367억여원을 확보했다고 밝혔다.","{'word': '박주선', 'start_idx': 0, 'end_idx': 2, 'type': 'PER'}","{'word': '광주광역시 동구', 'start_idx': 66, 'end_idx': 73, 'type': 'LOC'}"
11511,"영화 '버즈 오브 프레이'는 배트맨이 없는 고담시에서 할리퀸, 헌트리스, 블랙 카나리가 힘을 합쳐 한 소녀를 구한다는 이야기다.","{'word': '배트맨', 'start_idx': 16, 'end_idx': 18, 'type': 'PER'}","{'word': '고담시', 'start_idx': 24, 'end_idx': 26, 'type': 'LOC'}"
11759,"모하메드 알파예드(Mohamed Abdel Moneim Al-Fayed, 1929년 1월 27일 ~)는 이집트의 사업가이자 잉글랜드 프리미어리그의 풀럼 FC의 전 구단주로, 자산은 6억 5000만 파운드이다.","{'word': '모하메드 알파예드', 'start_idx': 0, 'end_idx': 8, 'type': 'PER'}","{'word': '이집트', 'start_idx': 58, 'end_idx': 60, 'type': 'LOC'}"
11862,"김연아(金姸兒, 1990년 9월 5일 ~)는 대한민국의 피겨 스케이팅 선수였다.","{'word': '김연아', 'start_idx': 0, 'end_idx': 2, 'type': 'PER'}","{'word': '대한민국', 'start_idx': 25, 'end_idx': 28, 'type': 'LOC'}"
11954,데이아네이라와 결혼하여 칼리돈에서 행복하게 살던 헤라클레스는 만찬에서 술에 취하여 왕의 조카를 죽이게 되었다.,"{'word': '데이아네이라', 'start_idx': 0, 'end_idx': 5, 'type': 'PER'}","{'word': '칼리돈', 'start_idx': 13, 'end_idx': 15, 'type': 'LOC'}"
12115,"발라라마와 그의 동생인 크리슈나는 어릴 때부터 수라세나의 왕인 우그라세나를 포함한 야다브 일족들을 감금한 '칸사'를 피해 마을을 다스리던 양치기 족장과 같이 살았는데, 자신들을 죽이려고 파견된 칸사의 아수라들을 물리치거나 인드라를 굴복시키고 강에 사는 나가와 싸워 승리하는 등 크리슈나와 함께 수많은 모험을 하면서 성장하였고, 이후 성인이 된 발라라마는 크리슈나와 함께 수라세나의 수도인 마투라로 귀환하여 칸사를 쓰러뜨렸다.","{'word': '발라라마', 'start_idx': 192, 'end_idx': 195, 'type': 'PER'}","{'word': '수라세나', 'start_idx': 26, 'end_idx': 29, 'type': 'LOC'}"
12135,"이은권(미래통합당, 대전 중구)의원은 지난해 5월, 업자 용어 개정을 위한 감정평가법 개정안을 대표발의 했다.","{'word': '이은권', 'start_idx': 0, 'end_idx': 2, 'type': 'PER'}","{'word': '대전 중구', 'start_idx': 11, 'end_idx': 15, 'type': 'LOC'}"
12366,이와 함께 조커는 하룻밤 사이에 판사와 고담시티 경찰청장을 죽이고 웨인가문의 파티를 급습하여 하비 덴트를 죽이려 하나 배트맨이 이를 눈치채고 하비 덴트를 숨겼기에 목숨을 건질 수 있었다.,"{'word': '배트맨', 'start_idx': 66, 'end_idx': 68, 'type': 'PER'}","{'word': '고담시티', 'start_idx': 22, 'end_idx': 25, 'type': 'LOC'}"
12428,김지애(金芝愛. 1962년 3월 10일~)은 대한민국의 가수다.,"{'word': '김지애', 'start_idx': 0, 'end_idx': 2, 'type': 'PER'}","{'word': '대한민국', 'start_idx': 25, 'end_idx': 28, 'type': 'LOC'}"
12476,"지난 16일(현지시각) 배우 크리스토퍼 히뷰가 자신의 개인 인스타그램을 통해 ""노르웨이에서 인사드린다. 유감스럽게도 코로나 양성 판정을 받아 가족과 함께 격리돼 있다. 우리는 모두 건강하다. 가벼운 감기 증상만 있다""라고 직접 소식을 전했다.","{'word': '크리스토퍼 히뷰', 'start_idx': 16, 'end_idx': 23, 'type': 'PER'}","{'word': '노르웨이', 'start_idx': 44, 'end_idx': 47, 'type': 'LOC'}"
12781,1977년 7월생인 피의자 안인득은 2015년부터 경상남도 진주시 아파트에 거주했다.,"{'word': '안인득', 'start_idx': 15, 'end_idx': 17, 'type': 'PER'}","{'word': '경상남도 진주시', 'start_idx': 28, 'end_idx': 35, 'type': 'LOC'}"
12857,"원숭환(袁崇煥, 1584년 - 1630년)은 명나라 말기의 무장이다.","{'word': '원숭환', 'start_idx': 0, 'end_idx': 2, 'type': 'PER'}","{'word': '명나라', 'start_idx': 25, 'end_idx': 27, 'type': 'DAT'}"
13005,"앤 보니(Anne Bonny, 1702년 3월 8일 ~ 1782년 4월 22일)는 카리브 해 일대에서 활동한 아일랜드계 해적이다.","{'word': '앤 보니', 'start_idx': 0, 'end_idx': 3, 'type': 'PER'}","{'word': '카리브 해', 'start_idx': 46, 'end_idx': 50, 'type': 'LOC'}"
13110,"후반 45분, 폴란드의 아담 나바우카 감독은 마지막 남은 교체 카드 1장을 쓰려고 16번 야쿠프 브와슈치코프스키를 투입할 준비를 했으나 좀처럼 볼이 터치라인 밖으로 나가지 않아 브와슈치코프스키는 3분 동안 터치라인에서 허리춤에 손을 얹은 채 하염없이 교체 투입만을 기다렸다.","{'word': '아담 나바우카', 'start_idx': 13, 'end_idx': 19, 'type': 'PER'}","{'word': '폴란드', 'start_idx': 8, 'end_idx': 10, 'type': 'LOC'}"
13192,"심 대표는 ""한 말씀은 꼭 드리고 싶어서 왔다""며 ""내년 총선 이후에는 우리 권태홍 사무총장이 대한민국 국회의사당을 종횡무진 누비는 것을 보고 싶다""고 말했다.","{'word': '권태홍', 'start_idx': 43, 'end_idx': 45, 'type': 'PER'}","{'word': '대한민국', 'start_idx': 53, 'end_idx': 56, 'type': 'LOC'}"
13317,한편 통일을 위한 노력의 일환으로 프랑스 파리를 방문할 때는 이리나 보코바(Irina Bokova) 유네스코 사무총장에게 북한 방문을 제안하면서 북한의 문화유적 발굴 사업에 대한 유네스코 차원의 관심과 지원을 당부하기도 했다.,"{'word': '이리나 보코바', 'start_idx': 34, 'end_idx': 40, 'type': 'PER'}","{'word': '프랑스 파리', 'start_idx': 19, 'end_idx': 24, 'type': 'LOC'}"
13731,친노의 좌장이자 현 더불어민주당 대표인 이해찬의 지역구인 세종특별자치시도 이번엔 갑/을로 분구되어 선거가 치러졌지만 2석 모두 사수하는데 성공했다.,"{'word': '이해찬', 'start_idx': 22, 'end_idx': 24, 'type': 'PER'}","{'word': '세종특별자치시', 'start_idx': 32, 'end_idx': 38, 'type': 'LOC'}"
13914,로드리고 보르자는 자신의 외숙부이자 발렌시아 교구장이었던 알폰소 데 보르자가 교황 갈리스토 3세로 즉위하게 되면서 그의 직분이었던 발렌시아 교구장직을 물려받게 되었다.,"{'word': '갈리스토 3세', 'start_idx': 46, 'end_idx': 52, 'type': 'PER'}","{'word': '발렌시아', 'start_idx': 20, 'end_idx': 23, 'type': 'LOC'}"
13976,"루드비 홀베르(1684년 12월 3일 ~ 1754년 1월 28일)는 덴마크, 노르웨이의 작가, 철학자, 소설가, 역사가, 극작가이다.","{'word': '루드비 홀베르', 'start_idx': 0, 'end_idx': 6, 'type': 'PER'}","{'word': '덴마크', 'start_idx': 38, 'end_idx': 40, 'type': 'LOC'}"
14176,"1970년대 중반, 헝가리의 루비크 에르뇌(Ernő Rubik)는 부다페스트의 모홀리-나기 예술대학의 건축과교수로 일하고 있었다.","{'word': '루비크 에르뇌', 'start_idx': 16, 'end_idx': 22, 'type': 'PER'}","{'word': '헝가리', 'start_idx': 11, 'end_idx': 13, 'type': 'LOC'}"
14332,"강성구(姜成求, ~)는 대한민국 언론인 출신 前 정치인이다.","{'word': '강성구', 'start_idx': 0, 'end_idx': 2, 'type': 'PER'}","{'word': '대한민국', 'start_idx': 13, 'end_idx': 16, 'type': 'LOC'}"
14785,독일의 수리논리학자 레오폴트 뢰벤하임(Leopold Löwenheim)과 노르웨이의 수리논리학자 토랄프 스콜렘이 1915년에 증명하였다.,"{'word': '토랄프 스콜렘', 'start_idx': 54, 'end_idx': 60, 'type': 'PER'}","{'word': '노르웨이', 'start_idx': 41, 'end_idx': 44, 'type': 'LOC'}"
15705,"1858년 10월 27일 미국 뉴욕주 뉴욕의 변호사로 같은 이름이었던 시어도어 루스벨트 시니어(Theodore Roosevelt, Sr. 1831–1878)와 마사 불럭(Martha Bulloch, 1835 - 1884)의 장남으로 태어났다.","{'word': '시어도어 루스벨트', 'start_idx': 39, 'end_idx': 47, 'type': 'PER'}","{'word': '미국 뉴욕주 뉴욕', 'start_idx': 14, 'end_idx': 22, 'type': 'LOC'}"
15825,"인천 계양구는 4일, 박형우 계양구청장을 비롯하여 박남춘 인천광역시장, 계양구의회 의원, 지역구 국회의원, 인천시 의원, 유관단체장 및 입주 업체들과 함께 서운일반산업단지 준공식을 개최했다.","{'word': '박남춘', 'start_idx': 28, 'end_idx': 30, 'type': 'PER'}","{'word': '인천광역시', 'start_idx': 32, 'end_idx': 36, 'type': 'POH'}"
16197,일할 때만큼은 제임스 본드가 따로 없지만 일이 끝나고 나면 마누라한테 쩔쩔매는 공처가로 돌변하는 남자 김철수. 그의 정체는 대한민국 최정예 스파이였지만 이를 전혀 모르는 아내 안영희는 허구헌날 바깥생활만 하는 남편때문에 하루하루 울화통이 치밀어 올랐다.,"{'word': '김철수', 'start_idx': 57, 'end_idx': 59, 'type': 'PER'}","{'word': '대한민국', 'start_idx': 69, 'end_idx': 72, 'type': 'LOC'}"
16458,"자히르 알딘 무함마드 바부르(우르두어: ظہیرالدین محمد بابر, 힌두어: ज़हीरुद्दीन मुहम्मद बाबर, 1483년 2월 23일; 율리우스력으로는 2월 14일 ~ 1531년 1월 5일; 율리우스력 1530년 12월 26일)는 안디잔(지금의 우즈베키스탄의 한 지방) 출신의 모험가로, 여러 차례 실패를 경험했으나 1504년 결국 아프가니스탄의 카불에서 왕국을 세우는데 성공했다.","{'word': '바부르', 'start_idx': 12, 'end_idx': 14, 'type': 'PER'}","{'word': '아프가니스탄의 카불', 'start_idx': 198, 'end_idx': 207, 'type': 'LOC'}"
16491,"2부 개소식에는 김부겸 의원(대구 수성갑), 정해용 대구광역시 정무 특보, 이영호 대구경북첨단의료산업진흥재단 이사장, 정태일 영남대학교 총동창회장, 서길수 영남대학교 총장, 김태년 영남대의료원장 등 많은 귀빈이 참석해 자리를 빛냈다.","{'word': '김부겸', 'start_idx': 9, 'end_idx': 11, 'type': 'PER'}","{'word': '대구광역시', 'start_idx': 29, 'end_idx': 33, 'type': 'LOC'}"
16532,이날 발대식에는 ▵부산경찰청 산하 15개 경찰서 직원협의회 대표 ▵자유한국당 유재중 국회의원(부산 수영구) ▵더불어민주당 전재수 국회의원(부산 북․강서구 갑) ▵여정섭 부산시청 공무원노조위원장 ▵신쌍수 경찰청 국가공무원노조위원장 ▵정지한 경찰청 주무관노조위원장 ▵공웅조 부산KBS노조위원장 ▵김동하 국제신문노조위원장 ▵류근창 경남지역 직원협의회 대표 등 300여 명이 참석한 가운데 성대히 열렸다.,"{'word': '유재중', 'start_idx': 43, 'end_idx': 45, 'type': 'PER'}","{'word': '부산 수영구', 'start_idx': 52, 'end_idx': 57, 'type': 'LOC'}"
16911,"이타마르 프랑쿠 브라질 대통령은 1994년 2월 10일 브라질 우주국 AEB(Agência Espacial Brasileira, Brazilian Space Agency)를 설립하는데 사인하였다.","{'word': '이타마르 프랑쿠', 'start_idx': 0, 'end_idx': 7, 'type': 'PER'}","{'word': '브라질', 'start_idx': 9, 'end_idx': 11, 'type': 'LOC'}"
17232,퍼거슨은 주장 게리 네빌과 웨스 브라운은 잉글랜드 최고의 풀백이지만 현재 맨유 최고 풀백은 하파엘이라는 인터뷰를 하며 어린 제자의 좋은 경기력에 대한 뿌듯함을 나타냈다.,"{'word': '게리 네빌', 'start_idx': 8, 'end_idx': 12, 'type': 'PER'}","{'word': '잉글랜드', 'start_idx': 23, 'end_idx': 26, 'type': 'LOC'}"
17286,"2002년, 네덜란드의 건축가인 렘 쿨하스와 그의 건축회사인 OMA는 유럽 위원회의 의장을 역임하고 있던 로마노 프로디의 요청으로 유럽의 ""다양성 및 단결""을 표현할 방법으로 유럽 연합을 새롭게 리브랜드하기 위한 새로운 국기를 디자인하였다.","{'word': '렘 쿨하스', 'start_idx': 18, 'end_idx': 22, 'type': 'PER'}","{'word': '네덜란드', 'start_idx': 7, 'end_idx': 10, 'type': 'LOC'}"
17520,1169년 1월 2일 누레딘은 곧장 자신의 수도로 삼고 있는 다마스쿠스에서 8천 명의 기병을 편성하여 드물게도 쿠르드족 출신의 장군인 시르쿠(Shirkuh)가 이끌드록 했다.,"{'word': '누레딘', 'start_idx': 12, 'end_idx': 14, 'type': 'PER'}","{'word': '다마스쿠스', 'start_idx': 34, 'end_idx': 38, 'type': 'LOC'}"
17541,1970년대 초에 알렌테주에서 리스본으로 이주한 안토니우 카에이루 피구와 마리아 조아나 페스타나의 외동아들인 루이스 피구는 알마다의 노동자촌인 코바 다 피에다드에서 유년 시절을 보냈다.,"{'word': '루이스 피구', 'start_idx': 61, 'end_idx': 66, 'type': 'PER'}","{'word': '리스본', 'start_idx': 17, 'end_idx': 19, 'type': 'LOC'}"
17573,"1958년 4월 체셔(L. H. Chesshir, 한국명 최수열) 선교사가 서울특별시 용산구 효창동에 4년제 과정의 한국기독교학원으로 설립하였다.","{'word': '최수열', 'start_idx': 32, 'end_idx': 34, 'type': 'PER'}","{'word': '서울특별시', 'start_idx': 42, 'end_idx': 46, 'type': 'LOC'}"
17625,이 두 사람은 대한민국 제17대 국회의원 선거 때 격돌한 바 있었는데 그 때는 노무현 대통령 탄핵 소추 사태 역풍에 힘입어 복기왕 후보가 37.35% : 34.26%로 이명수 후보를 꺾고 당선된 바 있었다.,"{'word': '노무현', 'start_idx': 44, 'end_idx': 46, 'type': 'PER'}","{'word': '대한민국', 'start_idx': 8, 'end_idx': 11, 'type': 'LOC'}"
17648,"장병완 의원(광주 동구남구갑)이 어제 열린 지만원 5·18망언 재판 관련해 논평을 내고, 지씨에 대한 재판부의 엄정한 판단과 5·18민주화운동 왜곡·처벌법의 조속한 처리를 촉구했다.","{'word': '장병완', 'start_idx': 0, 'end_idx': 2, 'type': 'PER'}","{'word': '광주 동구', 'start_idx': 7, 'end_idx': 11, 'type': 'LOC'}"
18030,"이때 그가 중공에도 방문한다는 기사가 떴으나 오보로 드러났고, 바티칸 시국에 방문했을 때는 특별히 교황 요한 바오로 2세에게 한국에 방문해줄 것을 간청하여 성사시키기도 했다.","{'word': '요한 바오로 2세', 'start_idx': 58, 'end_idx': 66, 'type': 'PER'}","{'word': '바티칸 시국', 'start_idx': 35, 'end_idx': 40, 'type': 'LOC'}"
18069,첫 번째 리메이크는 덴마크 가수 리스 쇠렌센이 1993년에 〈Brændt〉로 번역하여 불렀다.,"{'word': '리스 쇠렌센', 'start_idx': 18, 'end_idx': 23, 'type': 'PER'}","{'word': '덴마크', 'start_idx': 11, 'end_idx': 13, 'type': 'LOC'}"
18832,"이날 바티칸 성 베드로 광장에서 가진 시복식에는 비오 9세 뿐만이 아니라 교황 요한 23세, 이탈리아의 주교 토마소 레기오, 프랑스의 사제 기욤 조제프 샤미나드, 아일랜드 베네딕토회의 대수도원장 골룸바 마르미온 등도 포함되었다.","{'word': '요한 23세', 'start_idx': 44, 'end_idx': 49, 'type': 'PER'}","{'word': '바티칸', 'start_idx': 3, 'end_idx': 5, 'type': 'LOC'}"
18838,"레너드 노먼 코언(1934년 9월 21일 ~ 2016년 11월 7일)은 캐나다의 싱어송라이터이자 시인, 소설가 겸 영화 배우이다.","{'word': '레너드 노먼 코언', 'start_idx': 0, 'end_idx': 8, 'type': 'PER'}","{'word': '캐나다', 'start_idx': 40, 'end_idx': 42, 'type': 'LOC'}"
18983,"송민순이 2016년 발간한 회고록에서, 노무현 정부 수뇌부가 제62차 유엔 총회 대북 인권 결의안(유엔 총회 결의 62/167)에 대한 대한민국 정부의 투표 방침을 당사자인 조선민주주의인민공화국 측에 사전 문의 후 결정하였다고 폭로해 파문이 일었다.","{'word': '노무현', 'start_idx': 22, 'end_idx': 24, 'type': 'PER'}","{'word': '대한민국', 'start_idx': 76, 'end_idx': 79, 'type': 'ORG'}"
19018,예능 전문가들이 선정한 올해의 예능 프로그램은 12표를 받은 TV CHOSUN '내일은 미스트롯'(이하 '미스트롯)이다. '미스트롯'은 송가인 정다경 김나희 홍자 정미애 등의 걸출한 트로트 스타들을 배출해내며 올 한해 대한민국을 트로트 열풍 속으로 이끌었다. 특히 '미스트롯'은 지난 5월2일 마지막회에서 무려 16.6%(닐슨코리아 전국 유료 가구 기준)의 시청률을 기록하며 TV CHOSUN 역대 예능프로그램 최고 시청률을 달성하기도 했다.,"{'word': '김나희', 'start_idx': 84, 'end_idx': 86, 'type': 'PER'}","{'word': '대한민국', 'start_idx': 122, 'end_idx': 125, 'type': 'LOC'}"
19148,이번 참사로 희생된 안산 단원고 지상준 군의 어머니 강지은 씨는 “아픈 부모의 마음으로 호소 드린다. 안전한 대한민국 만들 수 있도록 국민 모두가 원하는 특별법이 제정될 수 있도록 힘이 돼달라”고 말했다.,"{'word': '강지은', 'start_idx': 29, 'end_idx': 31, 'type': 'PER'}","{'word': '대한민국', 'start_idx': 61, 'end_idx': 64, 'type': 'LOC'}"
19280,국회 정무위원회 장병완 의원(광주 동구남구 갑)은 15일 한국자산관리공사 국정감사에서 “전두환 자택 공매는 ‘전두환 추징법(공무원범죄에 관한 몰수 특례법)’에 따라 진행하는 것”임을 강조하면서 “본인과 가족이 2차례에 걸쳐 연희동 집을 헌납하겠다고 밝힌 만큼 흔들림 없이 몰수 절차에 임해야 한다”고 역설했다.,"{'word': '장병완', 'start_idx': 9, 'end_idx': 11, 'type': 'PER'}","{'word': '남구 갑', 'start_idx': 21, 'end_idx': 24, 'type': 'LOC'}"
19620,"피어스 모건(Piers Morgan, 1965년 3월 30일 ~)은 잉글랜드의 텔레비전 진행자 및 언론인이다.","{'word': '피어스 모건', 'start_idx': 0, 'end_idx': 5, 'type': 'PER'}","{'word': '잉글랜드', 'start_idx': 38, 'end_idx': 41, 'type': 'LOC'}"
19638,"스테판 무고샤는 FK 부두치노스트 포드고리차에서 축구를 시작하여, 2009년 몬테네그로 1부 리그에서 데뷔 무대를 가졌다.","{'word': '스테판 무고샤', 'start_idx': 0, 'end_idx': 6, 'type': 'PER'}","{'word': '포드고리차', 'start_idx': 19, 'end_idx': 23, 'type': 'POH'}"
19824,임다미의 부모님은 현재 같이 살며 일년의 반은 오스트레일리아에서 반은 대한민국에서 지낸다고 한다.,"{'word': '임다미', 'start_idx': 0, 'end_idx': 2, 'type': 'PER'}","{'word': '오스트레일리아', 'start_idx': 26, 'end_idx': 32, 'type': 'LOC'}"
19933,"이어 기장군 관계자는 “다산 정약용 선생은 목민심서에서 지방관이 백성을 사랑하는 길은 절용(節用)하는 것이라고 말씀하셨다. 공직자부터 혈세를 두려워해야 한다”며 “싱가포르를 오늘날 세계 최고의 도시로 만든 리콴유가 초지일관 강조한 것이 공직자의 하얀 셔츠, 즉 청렴이었다. 대한민국의 성장동력은 결국 공직자의 청렴정신”이라고 강조했다.","{'word': '리콴유', 'start_idx': 115, 'end_idx': 117, 'type': 'PER'}","{'word': '싱가포르', 'start_idx': 91, 'end_idx': 94, 'type': 'LOC'}"
19952,"중앙대학교는 1918년 4월 유치원 교사 양성을 목적으로 서울특별시 종로구에 위치해 있는 중앙 감리교회에 중앙유치원이 설립되었으며, 1922년에 중앙보육학교로 승격되었고, 1933년에 임영신이 중앙보육학교를 인수하여 1941년 중앙보육학교에 경성중앙유치원을 개원하였다.","{'word': '임영신', 'start_idx': 103, 'end_idx': 105, 'type': 'PER'}","{'word': '서울특별시', 'start_idx': 32, 'end_idx': 36, 'type': 'LOC'}"
20013,2006년 대한민국의 노무현 대통령은 한일 관계 특별 담화를 발표하고 일본에 사과에 부합하는 행동을 촉구하였다.,"{'word': '노무현', 'start_idx': 12, 'end_idx': 14, 'type': 'PER'}","{'word': '대한민국', 'start_idx': 6, 'end_idx': 9, 'type': 'LOC'}"
20248,진주 아파트 방화·살인 사건은 2019년 4월 17일 오전 4시 25분경 안인득(42세)이 경상남도 진주시 아파트 자신의 집 4층에 불을 지르고 계단으로 대피하는 주민들에게 흉기를 휘둘러 5명을 살해한 사건이다.,"{'word': '안인득', 'start_idx': 41, 'end_idx': 43, 'type': 'PER'}","{'word': '경상남도 진주시', 'start_idx': 51, 'end_idx': 58, 'type': 'LOC'}"
20813,‘2020 대한민국 수공예공모대전’에서 강진군 청자업체인 토우 김유성 대표가 `청자 연리문 금채 다기`를 출품해 금상을 수상했다.,"{'word': '김유성', 'start_idx': 35, 'end_idx': 37, 'type': 'PER'}","{'word': '대한민국', 'start_idx': 6, 'end_idx': 9, 'type': 'POH'}"
20971,"1781년 로베스피에르는 아르투아 주 고등법원에 변호사가 되어, 학회에 선출되었다.","{'word': '로베스피에르', 'start_idx': 6, 'end_idx': 11, 'type': 'PER'}","{'word': '아르투아', 'start_idx': 14, 'end_idx': 17, 'type': 'ORG'}"
21342,1932년에 프레드릭스타드는 최초로 컵 대회 우승을 하며 노르웨이 챔피언이 되었다.,"{'word': '프레드릭스타드', 'start_idx': 7, 'end_idx': 13, 'type': 'PER'}","{'word': '노르웨이', 'start_idx': 32, 'end_idx': 35, 'type': 'LOC'}"
21346,발라라마는 수라세나 왕국에 거주하던 야다바계 부족인 브리슈니의 일원이었던 바수데바 아나카둔두히의 아들로 태어났다.,"{'word': '바수데바', 'start_idx': 41, 'end_idx': 44, 'type': 'PER'}","{'word': '수라세나', 'start_idx': 6, 'end_idx': 9, 'type': 'LOC'}"
21364,"한편 함께 사냥을 하던 아탈란테와 히포메네스가 서로 욕정을 느껴 제우스(혹은 레아, 아프로디테)의 신전에서 사랑을 나누어 신을 모독하자, 신전의 주인인 제우스는 노여워 하며 둘을 사자 한 쌍으로 만들어 평생 함께 맺어질 수 없도록 만든다(고대 그리스에서는 사자는 표범과 짝짓기를 한다고 믿고 있었다.). 레아의 경우에는 그녀를 묘사하는 작품에 항상 두 마리의 사자가 그녀를 보좌하고 있다.","{'word': '제우스', 'start_idx': 36, 'end_idx': 38, 'type': 'PER'}","{'word': '그리스', 'start_idx': 136, 'end_idx': 138, 'type': 'LOC'}"
21544,당시 프랑스 국왕 루이 15세의 섭정이었던 오를레앙 공 필리프 2세는 이러한 난국을 타개하기 위해 존 로를 금융 책임자(Controller General of Finances)로 임명한다.,"{'word': '필리프 2세', 'start_idx': 31, 'end_idx': 36, 'type': 'PER'}","{'word': '프랑스', 'start_idx': 3, 'end_idx': 5, 'type': 'LOC'}"
21669,북마케도니아 정부는 토셰 프로에스키를 북마케도니아의 명예 시민으로 지정했다.,"{'word': '토셰 프로에스키', 'start_idx': 11, 'end_idx': 18, 'type': 'PER'}","{'word': '북마케도니아', 'start_idx': 0, 'end_idx': 5, 'type': 'LOC'}"
21690,"2010년 9월 12일, 대한민국의 해군참모총장 김성찬 제독과 미국 태평양 함대 사령관 페트릭 웰시 장군이 주한 미해군 사령부를 부산 해군기지로 이전하는 방안에 대해 논의하였다.","{'word': '김성찬', 'start_idx': 27, 'end_idx': 29, 'type': 'PER'}","{'word': '대한민국', 'start_idx': 14, 'end_idx': 17, 'type': 'LOC'}"
21954,정부는 오는 20일 개최되는 조코 위도도 인도네시아 대통령 취임식에 노영민대통령 비서실장을 경축특사로 파견한다고 14일 밝혔다.,"{'word': '조코 위도도', 'start_idx': 16, 'end_idx': 21, 'type': 'PER'}","{'word': '인도네시아', 'start_idx': 23, 'end_idx': 27, 'type': 'LOC'}"
21992,경기 가평군(군수 김성기)은 인근 남이섬과 더불어 대한민국 대표 힐링 관광지로 각광받고 있는 자라섬이 올 가을까지 다채로운 꽃테마 선물로 눈길을 끈데 이어 겨울철 야간 볼걸리 제공에도 나서면서 관심을 받고 있다.,"{'word': '김성기', 'start_idx': 10, 'end_idx': 12, 'type': 'PER'}","{'word': '대한민국', 'start_idx': 28, 'end_idx': 31, 'type': 'LOC'}"
22080,폴 포트 정권 시대때 크메르 루주가 아버지의 이름으로 허위 소식에 의해서 캄보디아에 귀국 하여 부모님과 함께 프놈펜의 왕궁에 유폐 되었다.,"{'word': '폴 포트', 'start_idx': 0, 'end_idx': 3, 'type': 'PER'}","{'word': '캄보디아', 'start_idx': 41, 'end_idx': 44, 'type': 'LOC'}"
22324,그는 전두환씨의 연희동 자택 인근에 거주하는 이모씨를 차명재산 현금조달책으로 지목하고 “이씨가 지난해 8월 경기의 모 야산 인근에서 돌연 숨진 채 발견됐다. 사망 경위가 석연치 않아 단순 사고사로 보기 어렵다”고 주장했다.,"{'word': '전두환', 'start_idx': 3, 'end_idx': 5, 'type': 'PER'}","{'word': '연희동', 'start_idx': 9, 'end_idx': 11, 'type': 'LOC'}"
22530,먼저 제갈량은 오장원으로 가서 그곳을 점거하고 위수 남쪽에는 맹염에게 진을 치도록 했다.,"{'word': '제갈량', 'start_idx': 3, 'end_idx': 5, 'type': 'PER'}","{'word': '오장원', 'start_idx': 8, 'end_idx': 10, 'type': 'POH'}"
22626,"12·12 군사 반란의 주역 중 하나인 노태우와 대표적인 민주 인사인 양김(김영삼, 김대중) 및 5·16 군사정변의 주역 중 하나인 김종필의 대결이었으나, 선거 결과 당시 여당이었던 민주정의당의 노태우 후보가 36.6%의 득표율로 당선되었으며, 이는 대한민국 헌정사상 국민 직선을 통해 당선된 대통령 중 가장 낮은 득표율이다.","{'word': '김종필', 'start_idx': 74, 'end_idx': 76, 'type': 'PER'}","{'word': '대한민국', 'start_idx': 140, 'end_idx': 143, 'type': 'LOC'}"
23391,"3일 이석형 더민주 광주 광산구 갑 예비후보는 “대한민국 새로운 100년을 시작하는 시점에 맞춰 더불어민주당 예비후보 등록을 완료했다”며 “더불어민주당의 자부심과 긍지, 국민의 실속을 챙기는 정치로 ‘더 살만한 대한민국’을 만들고 문재인 정부의 성공을 위해 국민과 함께 전진하겠다”고 밝혔다.","{'word': '문재인', 'start_idx': 129, 'end_idx': 131, 'type': 'PER'}","{'word': '대한민국', 'start_idx': 27, 'end_idx': 30, 'type': 'LOC'}"
23844,통신 이벤트 완료 후 금빛시티에 있는 이수재의 집에서 1마리 얻을 수 있으며 무지개 시티 게임코너의 경품으로도 등장한다.,"{'word': '이수재', 'start_idx': 21, 'end_idx': 23, 'type': 'PER'}","{'word': '금빛시티', 'start_idx': 12, 'end_idx': 15, 'type': 'LOC'}"
24431,"장 의원은 “국회에서 5.18진상규명특별법이 통과되는 즉시 진상조사특위가 차질없이 운영될 수 있도록 사전적으로 준비해야 한다”고 주문했으며, 또한 “현재 법원에서 중단된 전두환 씨 추징금을 끝까지 추적해 찾아내야 한다”면서 “이를 위한 연희동 자택 공매절차도 법무부와 한국자산공사에만 맡겨두지 말고 정부가 나서서 챙겨야 한다”고 촉구했다.","{'word': '전두환', 'start_idx': 95, 'end_idx': 97, 'type': 'PER'}","{'word': '연희동', 'start_idx': 132, 'end_idx': 134, 'type': 'LOC'}"
24633,"아르메니아의 독립은 1991년 12월 21일 이루어졌지만 이후에도 호르자반의 부패는 이어졌고, 세르지 사르키샨이 그의 뒤를 이어 대통령이 되었다.","{'word': '세르지 사르키샨', 'start_idx': 53, 'end_idx': 60, 'type': 'PER'}","{'word': '아르메니아', 'start_idx': 0, 'end_idx': 4, 'type': 'LOC'}"
24715,"2002년 전두환이 경상도를 거점으로 모반을 일으키면서 서울과 경기도는 김영삼, 강원도는 박정희, 전라도는 김대중, 충청도는 이순신, 제주도는 장보고가 장악하여 대한민국이 7개의 나라로 분열된다는 가상의 설정을 다루고 있다.","{'word': '김영삼', 'start_idx': 40, 'end_idx': 42, 'type': 'PER'}","{'word': '대한민국', 'start_idx': 90, 'end_idx': 93, 'type': 'LOC'}"
24797,스티븐 진우 김 (Stephen Jin Woo KIM / 한국이름: 김진우)은 현재 대한민국 영어교육컨설팅 회사인 세르모그룹 대표이자 세르모국제연구소 소장이다.,"{'word': '김진우', 'start_idx': 38, 'end_idx': 40, 'type': 'PER'}","{'word': '대한민국', 'start_idx': 47, 'end_idx': 50, 'type': 'LOC'}"
25017,"김종호 매화축제추진위원장은 “대한민국 첫 봄꽃축제이자 지역에 경제적 파급효과가 큰 광양매화축제를 개최하지 못하게 됨을 매우 유감스럽게 생각한다”며, “코로나바이러스 확산으로 국민들의 불안이 커지고 있는 가운데 국민의 안전과 건강을 최우선으로 판단해 공식 축제를 전격 취소하는 것으로 결정했다”라고 말했다.","{'word': '김종호', 'start_idx': 0, 'end_idx': 2, 'type': 'PER'}","{'word': '대한민국', 'start_idx': 16, 'end_idx': 19, 'type': 'LOC'}"
25072,"국회 김광수 의원(전북 전주시 갑, 민주평화당)은 17일 국회 회의 출석이 국회의원의 기본 임무임을 감안, 무단으로 회의에 참여하지 않는 국회의원에 대해 수당과 특별활동비를 지급하지 않도록 하는 일명 '국회의원 무노동 무임금법'(국회법 일부개정법률안)을 대표 발의했다.","{'word': '김광수', 'start_idx': 3, 'end_idx': 5, 'type': 'PER'}","{'word': '전북 전주시 갑', 'start_idx': 10, 'end_idx': 17, 'type': 'LOC'}"
25309,"이후 1983년에 대한민국으로 귀국한 김지애는 이미자의 소개로 대한민국의 톱 가수 이미자, 남진, 문주란, 하춘화 등의 히트곡을 만드는 대가였던 작곡가 박춘석과 만남을 가져 일명 박춘석 사단에 들어서게 되었다.","{'word': '김지애', 'start_idx': 21, 'end_idx': 23, 'type': 'PER'}","{'word': '대한민국', 'start_idx': 10, 'end_idx': 13, 'type': 'LOC'}"
25832,로마 제국이 성립된 이후 집정관직은 동로마 제국까지 이어졌으나 유스티니아누스 1세 때 로마 및 콘스탄티노폴리스의 선출 집정관이 폐지되었고 황제의 당연직으로 흡수되었다가 레온 6세 때 명칭 자체가 폐지되었다.,"{'word': '유스티니아누스', 'start_idx': 35, 'end_idx': 41, 'type': 'PER'}","{'word': '콘스탄티노폴리스', 'start_idx': 53, 'end_idx': 60, 'type': 'LOC'}"
25961,"이 시기 틈왕(闖王) 고영상을 계승한 이자성이 농민군을 지도하여 서안을 점령하고 국호를 대순(大順, 순나라)이라 칭하였으며, 그 농민군 세력이 북경에 육박하였다.","{'word': '이자성', 'start_idx': 21, 'end_idx': 23, 'type': 'PER'}","{'word': '순나라', 'start_idx': 56, 'end_idx': 58, 'type': 'LOC'}"
25990,페르난도 알론소 디아스(1981년 6월 29일 ~)는 포뮬러 원에서 활동하는 스페인의 자동차 경주 선수이다.,"{'word': '페르난도 알론소', 'start_idx': 0, 'end_idx': 7, 'type': 'PER'}","{'word': '스페인', 'start_idx': 43, 'end_idx': 45, 'type': 'LOC'}"
26050,"캐나다의 정치인 조지 브라운은 ""총독의 거처는 비참하게 작은 집이며 야망이 가득찬 시골의 대지주의 땅 위에 있다""라고 말하여 빌라를 더 크게 지었던 일을 반대하였다.","{'word': '조지 브라운', 'start_idx': 9, 'end_idx': 14, 'type': 'PER'}","{'word': '캐나다', 'start_idx': 0, 'end_idx': 2, 'type': 'LOC'}"
26209,김성재 (1976년 9월 17일 ~)는 대한민국의 전 축구 선수 및 지도자이다.,"{'word': '김성재', 'start_idx': 0, 'end_idx': 2, 'type': 'PER'}","{'word': '대한민국', 'start_idx': 22, 'end_idx': 25, 'type': 'LOC'}"
26217,988년에는 키예프 루스의 블라디미르 1세 대공이 케르소네소스에서 기독교 세례를 받았다.,"{'word': '블라디미르 1세', 'start_idx': 15, 'end_idx': 22, 'type': 'PER'}","{'word': '키예프 루스', 'start_idx': 7, 'end_idx': 12, 'type': 'LOC'}"
26270,"백제의 멸망에 대한 내용이 가사에 담겨 있는 이 노래는 조선총독부가 발매금지 조치를 취했고, 후에 작사가 조명암이 조선민주주의인민공화국으로 가면서 대한민국에서도 금지곡이 되었다.","{'word': '조명암', 'start_idx': 59, 'end_idx': 61, 'type': 'PER'}","{'word': '조선민주주의인민공화국', 'start_idx': 64, 'end_idx': 74, 'type': 'DAT'}"
26290,본관은 영천(永川) 이고 최무선의 아들이다.,"{'word': '최무선', 'start_idx': 14, 'end_idx': 16, 'type': 'PER'}","{'word': '영천(永川)', 'start_idx': 4, 'end_idx': 9, 'type': 'LOC'}"
26293,"캐나다 총리인 킴 캠벨(Kim Campbell)이 노래에 대해 질문 받았을 때, 그녀는 영화가 캐나다를 진지하게 모욕하려한 것이 아니라, 장난일 뿐이기 때문에 전혀 불쾌하지 않았다고 답했다.","{'word': '킴 캠벨', 'start_idx': 8, 'end_idx': 11, 'type': 'PER'}","{'word': '캐나다', 'start_idx': 0, 'end_idx': 2, 'type': 'LOC'}"
26313,"그는 이탈리아 육군 최고 사령관인 피에트로 바돌리오에게 ""나는 그냥 전투의 평화 회의에 앉을 수 있도록 몇 천 명의 죽음만이 필요하다""라고 말했다.","{'word': '피에트로 바돌리오', 'start_idx': 19, 'end_idx': 27, 'type': 'PER'}","{'word': '이탈리아', 'start_idx': 3, 'end_idx': 6, 'type': 'LOC'}"
26522,"마호메트는 메디나로 가서 정치와 종교가 하나로 결합된 이슬람 공동체인 움마를 만듬, 630년에는 메카를 점령하고 아라비아 반도 전체를 통일한다.","{'word': '마호메트', 'start_idx': 0, 'end_idx': 3, 'type': 'PER'}","{'word': '메디나', 'start_idx': 6, 'end_idx': 8, 'type': 'LOC'}"
26572,베르겐은 노르웨이에서 장인의 생일을 축하하기 위해 비행기를 타고 날아와 '서프라이즈' 이벤트를 준비했던 것이다.,"{'word': '베르겐', 'start_idx': 0, 'end_idx': 2, 'type': 'PER'}","{'word': '노르웨이', 'start_idx': 5, 'end_idx': 8, 'type': 'LOC'}"
26661,"솔페리노 전투가 벌어진 그날, 스위스의 은행가 앙리 뒤낭은 사업 지원을 요청하기 위해 나폴레옹 3세를 접견하고 있었다.","{'word': '앙리 뒤낭', 'start_idx': 26, 'end_idx': 30, 'type': 'PER'}","{'word': '스위스', 'start_idx': 17, 'end_idx': 19, 'type': 'LOC'}"
26862,베트남 걸그룹 ‘SGO48’이 아이즈원 콘셉트를 표절했다는 의혹이 제기됐다.,"{'word': 'SGO48', 'start_idx': 9, 'end_idx': 13, 'type': 'PER'}","{'word': '베트남', 'start_idx': 0, 'end_idx': 2, 'type': 'LOC'}"
27089,"장병완 의원(광주 동구남구갑)이 “20대에 일자리를, 80대까지 건강한 노후를”을 약속하는 '2080 남구발전프로젝트'를 발표했다.","{'word': '장병완', 'start_idx': 0, 'end_idx': 2, 'type': 'PER'}","{'word': '광주 동구', 'start_idx': 7, 'end_idx': 11, 'type': 'LOC'}"
27350,장병완 의원(광주 동구남구갑)은 페이스북을 통해 자유한국당 황교안 대표의 '1980년 무슨 사태' 발언을 강력 규탄하고 황 대표의 사과를 촉구했다.,"{'word': '장병완', 'start_idx': 0, 'end_idx': 2, 'type': 'PER'}","{'word': '광주 동구', 'start_idx': 7, 'end_idx': 11, 'type': 'LOC'}"
27378,"쿠파에게 납치당한 버섯 왕국의 공주로, 월드를 클리어해서 마리오가 진행할 때마다 사진을 보여주는데 쿠파에게 납치당했으나 파라솔로 타워굼바를 처치하는 등, 나중에는 도망치다 월드 8에서는 다시 납치되며 쿠파의 손아귀에 쥐고 있는 모습을 보게 된다.","{'word': '마리오', 'start_idx': 32, 'end_idx': 34, 'type': 'PER'}","{'word': '버섯 왕국', 'start_idx': 10, 'end_idx': 14, 'type': 'ORG'}"
27391,"1990년 왕가는 또다른 잉글랜드 리그 공격수 데일리언 앳킨슨을 셰필드 웬즈데이에서 영입했는데, 그에 따라 앳킨슨은 구단 첫 아프리카계 선수로 이름을 올렸다.","{'word': '데일리언 앳킨슨', 'start_idx': 26, 'end_idx': 33, 'type': 'PER'}","{'word': '잉글랜드', 'start_idx': 14, 'end_idx': 17, 'type': 'ORG'}"
27502,"고병운(高炳運, 1973년 9월 28일 ~)은 대한민국의 은퇴한 축구 선수이며 현 지도자이다.","{'word': '고병운', 'start_idx': 0, 'end_idx': 2, 'type': 'PER'}","{'word': '대한민국', 'start_idx': 26, 'end_idx': 29, 'type': 'LOC'}"
27592,김연아 학과장(미용예술학과)은 “대한민국 미용명장 1호 김진숙 교수 등 우수한 교수진과 최첨단 실습실을 갖춘 와이즈유 미용예술학과는 미용명장과 장인 배출의 요람으로 명성을 날리고 있다”면서 “숙련된 실무능력을 갖춘 뷰티아티스트 양성을 위해 앞으로도 더욱 최선을 다하겠다”고 밝혔다.,"{'word': '김진숙', 'start_idx': 31, 'end_idx': 33, 'type': 'PER'}","{'word': '대한민국', 'start_idx': 18, 'end_idx': 21, 'type': 'LOC'}"
27602,그녀의 어린 여동생은 루도비코 스포르차의 배우자로서 밀라노 공작부인인 베아트리체 데스테로 언니와 맞먹을 정도로 이름나있었다.,"{'word': '베아트리체 데스테', 'start_idx': 39, 'end_idx': 47, 'type': 'PER'}","{'word': '밀라노', 'start_idx': 29, 'end_idx': 31, 'type': 'LOC'}"
27643,"이날 협약식에는 경남대 박재규 총장과 백두현 고성군수를 비롯해 경남대 강재관 산학부총장, 홍선영 대외교류처장, 이상훈 인재개발처장, 김현준 건강항노화 센터장과 고성군 이종일 미래산업과장 및 관계자가 참석했다.","{'word': '백두현', 'start_idx': 21, 'end_idx': 23, 'type': 'PER'}","{'word': '고성군', 'start_idx': 25, 'end_idx': 27, 'type': 'POH'}"
27860,"이날 주낙영 경주시장, 김석기 국회의원, 시 직원들은 고향을 찾은 귀성객과 연휴를 맞아 경주를 방문한 관광객들에게 따뜻한 새해 인사를 전하며 훈훈한 경주의 정을 나누는 시간을 가졌다.","{'word': '김석기', 'start_idx': 13, 'end_idx': 15, 'type': 'PER'}","{'word': '경주시', 'start_idx': 7, 'end_idx': 9, 'type': 'LOC'}"
27903,"이후 키예프 대공으로 즉위한 야로슬라프 1세는 키예프 루스의 최전성기를 이끌었는데, 그는 키예프 루스의 국력을 향상시켰으며, 동슬라브인들의 관습법들을 정리하여 만든 동슬라브족 최초의 성문법전인 《루스카야 프라우다》를 편찬하였다.","{'word': '야로슬라프 1세', 'start_idx': 16, 'end_idx': 23, 'type': 'PER'}","{'word': '키예프 루스', 'start_idx': 26, 'end_idx': 31, 'type': 'LOC'}"
28071,"문재인 대통령은 13일 3.1 운동 및 대한민국 임시정부 수립 100주년을 맞아 ""또 다른 특권의 정치가 이어지고, 번영 속의 심각한 경제적 불평등이 신분과 차별을 만들고 있지 않은지 스스로 겸허히 되돌아봐야 할 때""라고 밝혔다.","{'word': '문재인', 'start_idx': 0, 'end_idx': 2, 'type': 'PER'}","{'word': '대한민국', 'start_idx': 22, 'end_idx': 25, 'type': 'LOC'}"
28119,에토레 아르코 이시도로 부가티 (1881년 9월 15일 ~ 1947년 8월 21일)는 이탈리아 태생의 프랑스 자동차 디자이너 및 부가티의 창업자였다.,"{'word': '부가티', 'start_idx': 13, 'end_idx': 15, 'type': 'PER'}","{'word': '프랑스', 'start_idx': 57, 'end_idx': 59, 'type': 'LOC'}"
28183,루자인 알하틀룰은 2018년 3월에 아랍에미리트에서 납치되어 사우디아라비아로 추방되었고 며칠 동안 체포되었다가 출국 금지 처분을 받았다.,"{'word': '루자인 알하틀룰', 'start_idx': 0, 'end_idx': 7, 'type': 'PER'}","{'word': '사우디아라비아', 'start_idx': 34, 'end_idx': 40, 'type': 'LOC'}"
28226,1432 년 11월 18일 밀라노 공작 필리포 마리아 비스콘티가 이끄는 400명의 기사와 콘도티에로 니콜로 피치니노가 이끄는 정확하지 않은 수의 보병들이 베네치아군에 맞서 코모 호를 따라 진군하였다.,"{'word': '필리포 마리아 비스콘티', 'start_idx': 22, 'end_idx': 33, 'type': 'PER'}","{'word': '밀라노', 'start_idx': 15, 'end_idx': 17, 'type': 'LOC'}"
28520,제20대 국회의원 선거를 앞두고 서울 강동구 갑 지역위원장 이부영이 정계 은퇴를 고려하면서 진선미를 지역구 후보로 추천하였고 이를 받아들여 강동구(갑)에 출마하게 되었다.,"{'word': '진선미', 'start_idx': 51, 'end_idx': 53, 'type': 'PER'}","{'word': '서울 강동구 갑', 'start_idx': 18, 'end_idx': 25, 'type': 'LOC'}"
28582,이 코파 이탈리아에서의 기록은 칼리아리의 전설 루이지 리바와 라리베이만이 가지고 있는 기록이 되었다.,"{'word': '루이지 리바', 'start_idx': 26, 'end_idx': 31, 'type': 'PER'}","{'word': '이탈리아', 'start_idx': 5, 'end_idx': 8, 'type': 'POH'}"
28588,데미안 라이스는 조지 라이스와 모린 라이스 사이에서 태어나 아일랜드의 카운티 킬데어 주의 첼브릿지에서 자랐다.,"{'word': '데미안 라이스', 'start_idx': 0, 'end_idx': 6, 'type': 'PER'}","{'word': '아일랜드', 'start_idx': 33, 'end_idx': 36, 'type': 'LOC'}"
28632,"2020년 1월 2일, 이라크 바그다드 국제공항에 도착한 가셈 솔레이마니 사령관(육군 소장)은 아부 마흐디 알무한디스 시아파 민병대(하시드 알사비) 부사령관 등과 차량으로 이동 중 미군 무인기 MQ-9 리퍼의 공습으로 폭사했다.","{'word': '아부 마흐디 알무한디스', 'start_idx': 53, 'end_idx': 64, 'type': 'PER'}","{'word': '이라크', 'start_idx': 13, 'end_idx': 15, 'type': 'LOC'}"
28993,조세핀 스크리베르는 덴마크 이외의 여러 모델 에이전시에서 제안을 받았지만 학업을 위해 덴마크에 잔류했고 2011년에 학교를 졸업하고 모델 활동을 시작했다.,"{'word': '조세핀 스크리베르', 'start_idx': 0, 'end_idx': 8, 'type': 'PER'}","{'word': '덴마크', 'start_idx': 48, 'end_idx': 50, 'type': 'LOC'}"
29040,카를은 귀도의 작위를 박탈하기 위해 프리울리 후작 베렝가리오 1세에게 군사를 보내 귀도를 치게 했다.,"{'word': '베렝가리오 1세', 'start_idx': 28, 'end_idx': 35, 'type': 'PER'}","{'word': '프리울리', 'start_idx': 20, 'end_idx': 23, 'type': 'LOC'}"
29090,베랑 사파리는 2세 때 그의 가족들과 함께 이란 테헤란에서 스웨덴으로 이민하였다.,"{'word': '베랑 사파리', 'start_idx': 0, 'end_idx': 5, 'type': 'PER'}","{'word': '이란 테헤란', 'start_idx': 24, 'end_idx': 29, 'type': 'LOC'}"
29440,스페인에서 자신의 시간 동안 그는 데 아빌라의 딸 이사벨 데 보비야와 결혼하였다.,"{'word': '아빌라', 'start_idx': 21, 'end_idx': 23, 'type': 'PER'}","{'word': '스페인', 'start_idx': 0, 'end_idx': 2, 'type': 'LOC'}"
29441,"그의 아들 프란체스코 1세 스포르차는 1447년 비스콘티 가문이 단절되자 밀라노 공작의 지위를 얻었으며, 르네상스 시대 초기에 밀라노를 지배하였다.","{'word': '프란체스코 1세 스포르차', 'start_idx': 6, 'end_idx': 18, 'type': 'PER'}","{'word': '밀라노', 'start_idx': 41, 'end_idx': 43, 'type': 'LOC'}"
29517,"곤살레스 이냐리투는 알폰소 쿠아론, 기예르모 델 토로와 함께 ""멕시코 스리 아미고(, 세 친구""로 불리며 멕시코 영화의 신기수로 거론되어 오고 있다. 이들 세 명은 오랜 기간 우정을 쌓으며 함께 영화 작업을 해 오고 있으며, 2008년에는 영화사 ""차차차 필름""(Cha Cha Ch Producciones 을 공동으로 설립하기도 하였다.","{'word': '기예르모 델 토로', 'start_idx': 20, 'end_idx': 28, 'type': 'PER'}","{'word': '멕시코', 'start_idx': 35, 'end_idx': 37, 'type': 'LOC'}"
29552,"그 핵심은 교회가 국가를 승인하고, 그 법에 따르며, 대가로 국가가 교회의 권리 보장과 성도 및 교회 학교 등 가톨릭 시설 보호를 약속하는 것이다. 가장 유명한 것은 교황 비오 11세와 무솔리니 사이에 체결되어 바티칸을 성립시켰던 1929년 체결된 《라테란 조약》이다.","{'word': '비오 11세', 'start_idx': 96, 'end_idx': 101, 'type': 'PER'}","{'word': '바티칸', 'start_idx': 118, 'end_idx': 120, 'type': 'LOC'}"
29708,"베네수엘라 1992년 쿠데타가 일어나면서 그는 우고 차베스의 군대와 합류하여 개혁적 쿠데타를 도왔으나, 결국 실패하여 우고 차베스와 함께 체포가 되어 수감되게 되며, 1년 뒤 사면되었다.","{'word': '우고 차베스', 'start_idx': 26, 'end_idx': 31, 'type': 'PER'}","{'word': '베네수엘라', 'start_idx': 0, 'end_idx': 4, 'type': 'LOC'}"
29811,"김금덕(金今德, 1909년 - 1975년)은 대한민국의 정치인이자 일제 강점기와 대한민국의 여성 운동가이며, 유치원 보육교사, 대한제국의 황자 의친왕의 후궁이었다.","{'word': '의친왕', 'start_idx': 80, 'end_idx': 82, 'type': 'PER'}","{'word': '대한제국', 'start_idx': 71, 'end_idx': 74, 'type': 'LOC'}"
29936,"양나라에서 신창군은 영양군으로 개명되었고 536년(양 무제 대동 2년), 영양군에 남초주(南譙州)가 설치되었다.","{'word': '양 무제', 'start_idx': 28, 'end_idx': 31, 'type': 'PER'}","{'word': '양나라', 'start_idx': 0, 'end_idx': 2, 'type': 'DAT'}"
30082,"1500미터에서 공교롭게도 김아랑은 캐나다의 킴 부탱과 예선, 준결승 모두 함께 편성되어 킴 부탱을 따돌리고 각기 조 1위를 차지하였으나 결승에서는 아깝게도 킴 부탱 다음으로 4위에 그치고 말었다.","{'word': '킴 부탱', 'start_idx': 50, 'end_idx': 53, 'type': 'PER'}","{'word': '캐나다', 'start_idx': 20, 'end_idx': 22, 'type': 'LOC'}"
30198,"김효진(1982년 9월 22일 ~)은 대한민국의 모델, 방송인이다.","{'word': '김효진', 'start_idx': 0, 'end_idx': 2, 'type': 'PER'}","{'word': '대한민국', 'start_idx': 21, 'end_idx': 24, 'type': 'LOC'}"
30212,누르술탄 나자르바예프가 독립 이후 카자흐스탄의 대통령으로 선출되었다.,"{'word': '나자르바예프', 'start_idx': 5, 'end_idx': 10, 'type': 'PER'}","{'word': '카자흐스탄', 'start_idx': 19, 'end_idx': 23, 'type': 'LOC'}"
30284,"11살때 그는 모스크바 총대주교 알렉세이 2세가 참관한 가운데 독주회를 가졌고, 러시아 전 대통령 보리스 옐친의 앞에서도 공연을 했다.","{'word': '알렉세이 2세', 'start_idx': 18, 'end_idx': 24, 'type': 'PER'}","{'word': '모스크바', 'start_idx': 8, 'end_idx': 11, 'type': 'LOC'}"
31074,경기도 안양시 동안구 을 지역구의 심재철 새누리당 의원이 당선되었다.,"{'word': '심재철', 'start_idx': 19, 'end_idx': 21, 'type': 'PER'}","{'word': '경기도 안양시 동안구 을', 'start_idx': 0, 'end_idx': 12, 'type': 'LOC'}"
31407,"국회 보건복지위원회 김광수(전북 전주시 갑, 민주평화당)은 2일 '아동학대 아이돌보미 자격요건 강화법'(아이돌봄 지원법 일부개정법률안)을 대표 발의했다.","{'word': '김광수', 'start_idx': 11, 'end_idx': 13, 'type': 'PER'}","{'word': '전북 전주시 갑', 'start_idx': 15, 'end_idx': 22, 'type': 'LOC'}"
31472,"프랑스에 들어간 다다이즘은 기욤 아폴리네르 등의 신문학 운동 뒤, 1924년 앙드레 브르통의 '쉬르레알리슴 선언'의 발표에 의하여 조직적인 초현실주의 문학운동이 되었다.","{'word': '앙드레 브르통', 'start_idx': 43, 'end_idx': 49, 'type': 'PER'}","{'word': '프랑스', 'start_idx': 0, 'end_idx': 2, 'type': 'LOC'}"
31712,판 니스텔로이는 네덜란드 국가대표팀 일원으로 70경기 출전해 35골을 넣었다.,"{'word': '판 니스텔로이', 'start_idx': 0, 'end_idx': 6, 'type': 'PER'}","{'word': '네덜란드', 'start_idx': 9, 'end_idx': 12, 'type': 'ORG'}"
31914,"대구광역시에서는 전 지역에서 홍준표가 앞섰는데, 유승민 후보의 거점 지역 동구, 한국당에서 탈당 했던 조원진 후보의 지역 달서구, 김부겸 의원의 지역구가 있는 수성구와 홍의락 의원의 지역구가 있는 북구에서도 홍준표 의원이 압승을 거두었다.","{'word': '김부겸', 'start_idx': 73, 'end_idx': 75, 'type': 'PER'}","{'word': '대구광역시', 'start_idx': 0, 'end_idx': 4, 'type': 'LOC'}"
31975,"유력자의 협력 하에 필리핀 헌법을 만들고, 호세 라우렐을 대통령으로 내세워 일본에 의한 군정을 표면상 철폐하고 같은 해 10월 14일, 필리핀 제2공화국으로 독립시켜 괴뢰정부를 수립했다.","{'word': '호세 라우렐', 'start_idx': 24, 'end_idx': 29, 'type': 'PER'}","{'word': '필리핀', 'start_idx': 11, 'end_idx': 13, 'type': 'LOC'}"
32127,"또 더불어민주당 조승래(대전 유성갑) 의원이 12건(12.3%), 더불어민주당 김해영(부산 연제구) 의원이 9건, 바른미래당 이태규(비례대표) 의원과 정의당 이영국(경남 창원성산) 의원이 각각 5건씩의 자료를 요구해 왔다.","{'word': '김해영', 'start_idx': 44, 'end_idx': 46, 'type': 'PER'}","{'word': '부산 연제구', 'start_idx': 48, 'end_idx': 53, 'type': 'LOC'}"
32131,"한편, 김헌창(金憲昌)이 822년 3월에 반란을 일으켜, 웅진(熊津)을 수도로 하고 장안국(長安國)이라고 하였고, 그 지배 영역은 무진주, 청주, 웅천주, 완산주, 사벌주 등 5주 및 국원, 서원, 금관 3소경 등 구 백제의 영역을 중심으로 국토의 대부분이 김헌창을 지지하여, 왕권에 대항하는 자세를 보이게 되었다.","{'word': '김헌창', 'start_idx': 4, 'end_idx': 6, 'type': 'PER'}","{'word': '웅진(熊津)', 'start_idx': 32, 'end_idx': 37, 'type': 'LOC'}"
32433,"2008년 11월 5일, 드미트리 메드베데프 러시아 대통령은 모스크바 크렘린궁에서 가진 국정연설을 통해, 미국의 미사일 방어 체제(MD)에 맞서기 위해 발틱해의 칼리닌그라드 지역에 이스칸데르 미사일을 배치하겠다고 강조했다.","{'word': '드미트리 메드베데프', 'start_idx': 14, 'end_idx': 23, 'type': 'PER'}","{'word': '러시아', 'start_idx': 25, 'end_idx': 27, 'type': 'LOC'}"
